tag,domains
rtl,SaaS
latency,FinTech
openbanking,FinTech
[INFERRED] refunds,SaaS
export_controls,SaaS
conversion-logic,FinTech
[INFERRED] behavioral-intelligence,SaaS
scheduled payments,FinTech
[INFERRED] notification,"FinTech, SaaS"
[INFERRED] regulation,FinTech
recommendations,SaaS
flakiness,SaaS
qa,"FinTech, SaaS"
staging,SaaS
uber,FinTech
edge case,"FinTech, SaaS"
ci/cd,SaaS
data_protection,SaaS
legal,"FinTech, SaaS"
[INFERRED] security protocol,Compliance and Security
[INFERRED] guidelines,SaaS
rbac,"Compliance and Security, FinTech, SaaS"
best practices,Compliance and Security
violation,Compliance and Security
checkout,FinTech
failure,FinTech
comments,SaaS
fiverr,FinTech
guardian,FinTech
components,SaaS
http-429,FinTech
tenant segment,FinTech
dependency,FinTech
guide,SaaS
[INFERRED] finance,SaaS
creditworthiness,FinTech
error_handling,FinTech
visibility,FinTech
[INFERRED] synchronization,SaaS
[INFERRED] legacy,FinTech
security,"FinTech, SaaS"
manual review,SaaS
[INFERRED] anomaly-detection,"FinTech, SaaS"
highlighting,SaaS
[INFERRED] risk-management,FinTech
nps,SaaS
[INFERRED] auditability,"FinTech, SaaS"
ratelimit,FinTech
[INFERRED] riskmanagement,FinTech
anomaly detection,FinTech
fraud,FinTech
modularity,FinTech
responsive,FinTech
scalability,"FinTech, SaaS"
commenting,SaaS
[INFERRED] compliance monitoring,Compliance and Security
preview,"FinTech, SaaS"
multi-currency,FinTech
[INFERRED] consistency,FinTech
access,FinTech
[INFERRED] persistence,SaaS Analytics
automation,"FinTech, SaaS, SaaS Analytics"
feedback,"FinTech, SaaS"
[INFERRED] sentiment,SaaS
messaging,"FinTech, SaaS"
quality assurance,SaaS
[INFERRED] resilience,FinTech
mobile,"FinTech, SaaS"
product,SaaS
transparency,"FinTech, SaaS"
apis,FinTech
billing,"FinTech, SaaS"
gig-economy,FinTech
error_reporting,SaaS
delivery,"FinTech, SaaS"
retention,"FinTech, SaaS, SaaS Analytics"
synchronization,FinTech
admin-portal,"FinTech, SaaS"
api-gateway,FinTech
channel,SaaS
queueing,FinTech
[INFERRED] version control,SaaS
routing,SaaS
audit log gaps,Compliance and Security
data connection,FinTech
[INFERRED] data_visualization,SaaS
validation,"FinTech, SaaS"
versioning,SaaS
regulations,FinTech
change log,SaaS
user-experience,FinTech
anomaly-detection,FinTech
[INFERRED] data-integrity,"FinTech, SaaS"
state,FinTech
cohort_membership,SaaS
performance,"Compliance and Security, FinTech, SaaS"
taxation,"FinTech, SaaS"
fx,FinTech
undo,SaaS
[INFERRED] privacy,"FinTech, SaaS"
admindashboard,FinTech
[INFERRED] monitoring,"FinTech, SaaS"
resolution-workflows,FinTech
[INFERRED] user-notification,"FinTech, SaaS"
browser_coverage,SaaS
invoice,"FinTech, SaaS"
gas-fee,FinTech
[INFERRED] exception,FinTech
[INFERRED] integrations,FinTech
session,"Compliance and Security, FinTech"
rate limit,FinTech
adjust,FinTech
backend,"FinTech, SaaS"
api integration,FinTech
pdf,SaaS
eligibility,FinTech
customfield,FinTech
multi-channel,SaaS
developer,SaaS
masking,SaaS
[INFERRED] rules-engine,FinTech
alternative,FinTech
[INFERRED] quality assurance,SaaS
override,"FinTech, SaaS"
[INFERRED] kpi,SaaS
matching,"FinTech, SaaS"
lineage,FinTech
[INFERRED] data protection,SaaS
parallel,SaaS
multiple tax rates,FinTech
[INFERRED] configuration,"FinTech, SaaS"
dryrun,SaaS
[INFERRED] session-tracking,SaaS
[INFERRED] tracking,"FinTech, SaaS"
[INFERRED] knowledge base,SaaS
data-recovery,SaaS
dry-run,SaaS
notifications,"FinTech, SaaS"
payments,"FinTech, SaaS"
crossborder,FinTech
exemption,"FinTech, SaaS"
[INFERRED] ui_rendering,SaaS
[INFERRED] satisfaction,SaaS
[INFERRED] VAT,SaaS
formatting,SaaS
[INFERRED] reminders,FinTech
pci-dss,FinTech
gig income,FinTech
enablement,SaaS
user_interface,SaaS
redaction,FinTech
resolution,FinTech
[INFERRED] governance,FinTech
[INFERRED] auditing,FinTech
[INFERRED] periodic-summaries,SaaS
[INFERRED] GDPR,SaaS
SOX,FinTech
openapi,FinTech
layout,SaaS
middleware,SaaS
[INFERRED] performance,"FinTech, SaaS"
invoices,SaaS
timing,"FinTech, SaaS"
[INFERRED] fault-tolerance,FinTech
API gateway,FinTech
blocking,"FinTech, SaaS"
real-time analytics,SaaS
database,"FinTech, SaaS"
edgecases,"FinTech, SaaS"
tenant management,FinTech
legacy,FinTech
mismatch-detection,FinTech
mixed-language,SaaS
[INFERRED] localization,SaaS
scenario-based testing,FinTech
history,SaaS
[INFERRED] tone-analysis,SaaS
processing,FinTech
display,FinTech
freezeunfreeze,FinTech
testing,"FinTech, SaaS"
monitoring,"FinTech, SaaS"
disclosure,FinTech
[INFERRED] officertraining,FinTech
critical-path,SaaS
template,SaaS
[INFERRED] weighting,SaaS Analytics
csv,SaaS
feature-flags,SaaS
[INFERRED] embedded-ui,SaaS
consent,"FinTech, SaaS"
[INFERRED] progressive-rollout,SaaS
[INFERRED] latency,"FinTech, SaaS"
encryption,FinTech
reporting-ledger,FinTech
instrumentation,SaaS
continuous-learning,SaaS
urgency,SaaS
restful,FinTech
ledger management,FinTech
[INFERRED] regression,SaaS
multi-rate,FinTech
user data,FinTech
[INFERRED] adaptability,Security
compliance,"Compliance and Security, FinTech, SaaS, Security"
tracking,"FinTech, SaaS"
trend,SaaS
scheduling,"FinTech, SaaS"
[INFERRED] income verification,FinTech
[INFERRED] billing,SaaS
sox,FinTech
updates,SaaS
Root Cause Analysis,SaaS
billing history,SaaS
help,"FinTech, SaaS"
rate_limiting,SaaS
[INFERRED] concurrency,"FinTech, SaaS"
connection,FinTech
[INFERRED] real-time,FinTech
segregation,FinTech
ci_cd,SaaS
[INFERRED] regulatory reporting,FinTech
[INFERRED] timing,SaaS
[INFERRED] outage-handling,FinTech
[INFERRED] retry,FinTech
mirror,SaaS
filters,SaaS
cohort_definition,SaaS
calculator,FinTech
rate limiting,FinTech
insurance,FinTech
warnings,SaaS
[INFERRED] simulation,FinTech
risk,FinTech
realtime,"FinTech, SaaS"
dashboards,"FinTech, SaaS"
[INFERRED] maintainability,FinTech
collision handling,SaaS
rates,FinTech
rolebasedaccess,Security
mixedcurrencypayouts,FinTech
[INFERRED] detection,SaaS
[INFERRED] regulatory,SaaS
real-time,"FinTech, SaaS"
[INFERRED] multi-user,FinTech
browsers,SaaS
gst,FinTech
architecture,FinTech
fx-rates,FinTech
quality,FinTech
cancellation,FinTech
metrics,"FinTech, SaaS"
segmentation,SaaS
accessibility,"FinTech, SaaS"
optimization,"FinTech, SaaS"
income,FinTech
user-interface,FinTech
duplicate-resolution,SaaS
assignment rules,SaaS
multi-language,SaaS
api,"FinTech, SaaS"
rollback,"FinTech, SaaS"
roles,SaaS
duplicate-detection,SaaS
vendor,SaaS
timezone,"FinTech, SaaS"
settings,"SaaS, SaaS Analytics"
coppa,FinTech
[INFERRED] gdpr,FinTech
[INFERRED] fallback,"FinTech, SaaS"
[INFERRED] education,"FinTech, SaaS Analytics"
[INFERRED] analysis,SaaS
[INFERRED] data_protection,"FinTech, SaaS"
regulatory,"Compliance and Security, FinTech"
preferences,SaaS
[INFERRED] transparency,"FinTech, SaaS"
timer,FinTech
headless,SaaS
[INFERRED] user-trust,FinTech
rest,FinTech
regulation,"Compliance and Security, FinTech, SaaS"
atomicity,FinTech
[INFERRED] audit,"FinTech, SaaS"
[INFERRED] prorated upgrades,SaaS
fraud-prevention,SaaS
qualityassurance,FinTech
dual-ledger,FinTech
dual-tax,FinTech
right-to-erasure,FinTech
batchpayouts,FinTech
model,SaaS
i18n,SaaS
[INFERRED] flexibility,"FinTech, SaaS"
buyin,SaaS
maintainability,"FinTech, SaaS"
quickstart,SaaS
[INFERRED] securitycompliance,Security
SLA,SaaS
user-action,SaaS
partial,FinTech
sandbox environments,FinTech
screenshots,SaaS
plans,SaaS
[INFERRED] comparison,SaaS Analytics
retry,FinTech
opt-out,SaaS
timestamp,FinTech
[INFERRED] location-resolution,SaaS
change-management,SaaS
[INFERRED] user-experience,FinTech
cohort_updates,SaaS
[INFERRED] immutable,FinTech
help-center,SaaS
external,SaaS
[INFERRED] API,FinTech
schema,"FinTech, SaaS"
rate limit policies,FinTech
efficiency,SaaS
fee query,FinTech
crm_integration,SaaS
auditlogs,FinTech
aml,FinTech
client-support,FinTech
data,"FinTech, SaaS"
exceptiontracking,Security
integration,"FinTech, SaaS"
real-time posting,FinTech
[INFERRED] updatedlogs,FinTech
[INFERRED] period-alignment,SaaS
burst-control,FinTech
rate-lock,FinTech
phone,SaaS
[INFERRED] policy,SaaS
[INFERRED] leadership,SaaS
exemptions,FinTech
data-normalization,FinTech
decay_parameters,SaaS
screening,FinTech
export,"Compliance and Security, FinTech, SaaS, SaaS Analytics"
historical,SaaS
import,SaaS
operations,FinTech
migration,"FinTech, SaaS"
[INFERRED] integrity,SaaS
frontend,"FinTech, SaaS"
manual-review,FinTech
[INFERRED] platform connectivity,FinTech
browser-matrix,SaaS
error,FinTech
inaccuracy,FinTech
authorization,FinTech
heatmap,"SaaS, SaaS Analytics"
analytics_data_store,SaaS
user experience,"FinTech, SaaS"
falsepositives,FinTech
fuzzy-matching,SaaS
[INFERRED] interoperability,"FinTech, SaaS Analytics"
admin portal,SaaS
assignment,SaaS
error handling,FinTech
fee spike,FinTech
tax,"FinTech, SaaS"
dispute,FinTech
geo-targeting,SaaS
transactionmanagement,FinTech
queue,FinTech
deletion,FinTech
customization,FinTech
logic development,FinTech
fault-tolerance,SaaS
[INFERRED] event-logging,SaaS
ci-cd,SaaS
configuration,"FinTech, SaaS"
access-control,FinTech
privacy laws,SaaS
[INFERRED] artifact-retention,SaaS
mismatch,FinTech
usage metrics,FinTech
batch-processing,FinTech
changelog,SaaS
righttoerasure,FinTech
workflow,"FinTech, SaaS"
user_experience,SaaS
behavioral_intelligence,SaaS
engine,FinTech
risk-management,FinTech
alerts,"FinTech, SaaS"
minor,FinTech
dual-gst,FinTech
[INFERRED] workflow,SaaS
availability,FinTech
conflict-resolution,SaaS
location awareness,SaaS
earnings,FinTech
[INFERRED] personalization,SaaS
data-merge,SaaS
subscriptions,SaaS
feature flags,SaaS
email,"FinTech, SaaS"
[INFERRED] cryptography,FinTech
churn_prevention,SaaS
docs,"SaaS, SaaS Analytics"
edge cases,SaaS
[INFERRED] prioritization,SaaS
anti-spoofing,FinTech
quarantine,SaaS
[INFERRED] data-retention,SaaS
sms,FinTech
dynamic,FinTech
rules,"FinTech, SaaS"
rate-limiting,"FinTech, SaaS"
[INFERRED] countdown,FinTech
[INFERRED] data-protection,SaaS
self-service,"FinTech, SaaS"
deeplink,SaaS
recovery,FinTech
downgrades,SaaS
unsubscribe,SaaS
[INFERRED] UI,SaaS
names,SaaS
role-based access,FinTech
aggregation,FinTech
lock,"FinTech, SaaS"
[INFERRED] self-service,"FinTech, SaaS"
configurable,SaaS
calculations,SaaS
support,"FinTech, SaaS, SaaS Analytics"
customer_support,SaaS
beta,FinTech
handoff,FinTech
retroactive,FinTech
logic,"FinTech, SaaS"
currency,FinTech
dashboard,"FinTech, SaaS"
reliability,"FinTech, SaaS"
2fa,"SaaS, Security"
[INFERRED] validation,FinTech
dates,SaaS
multi-factor approval,FinTech
[INFERRED] access control,Compliance and Security
[INFERRED] rollout,FinTech
algorithms,SaaS
[INFERRED] cancellation,FinTech
[INFERRED] retraining,SaaS
[INFERRED] reconciliation,FinTech
api-key,SaaS
[INFERRED] legal,"FinTech, SaaS"
[INFERRED] escalation,SaaS
[INFERRED] QA,SaaS
traceability,"Compliance and Security, FinTech, SaaS"
shared inbox,SaaS
[INFERRED] logging,FinTech
transaction,FinTech
sensitiveoperations,FinTech
spec,FinTech
nlp,SaaS
feature-toggle,FinTech
auditing,"FinTech, SaaS"
[INFERRED] immutability,FinTech
cryptography,FinTech
alerting,"FinTech, SaaS"
reconciliation,FinTech
opt_out,SaaS
sync-control,SaaS
financial reporting,FinTech
analytics,"FinTech, SaaS, SaaS Analytics"
personalization,SaaS
ux,"FinTech, SaaS"
device_coordination,SaaS
error-handling,"FinTech, SaaS Analytics"
cohorts,"SaaS, SaaS Analytics"
manualreview,FinTech
implementation,"FinTech, SaaS"
safety,SaaS
[INFERRED] reporting,"FinTech, SaaS"
[INFERRED] fraud,"FinTech, SaaS"
external services,SaaS
infrastructure,"FinTech, SaaS"
regression,SaaS
[INFERRED] scheduling,SaaS
[INFERRED] advanced-filtering,SaaS
[INFERRED] tooling,SaaS
localization,SaaS
conflict,"FinTech, SaaS"
[INFERRED] geo-segmentation,SaaS
events,SaaS
collision,SaaS
webhook,"FinTech, SaaS"
partners,FinTech
kpi,"Compliance and Security, SaaS"
detection,"Compliance and Security, FinTech, SaaS"
[INFERRED] debugging,SaaS
visualization,"SaaS, SaaS Analytics"
[INFERRED] transitionplan,FinTech
[INFERRED] recipient_control,SaaS
[INFERRED] edge-cases,FinTech
ui-testing,SaaS
[INFERRED] data integrity,SaaS
regulatory-standards,FinTech
[INFERRED] developer-experience,FinTech
[INFERRED] messaging,FinTech
estimation,FinTech
edge-cases,"FinTech, SaaS"
coverage,"FinTech, SaaS"
edge_cases,SaaS
search,SaaS
kyc,FinTech
[INFERRED] customization,FinTech
[INFERRED] architecture,FinTech
[INFERRED] traceability,"FinTech, SaaS"
[INFERRED] compatibility,SaaS
metadata,FinTech
[INFERRED] data-verification,FinTech
dependencies,SaaS
patterns,FinTech
real-time monitoring,FinTech
CI/CD,SaaS
provincial tax,FinTech
[INFERRED] usability,"FinTech, SaaS, Security"
[INFERRED] globalization,SaaS
deduplication,"FinTech, SaaS"
ml,"FinTech, SaaS"
[INFERRED] lending,FinTech
edgecase,FinTech
threaded_discussions,SaaS
datadeletion,FinTech
storage,"Compliance and Security, FinTech, SaaS"
payment processing,SaaS
sla,"FinTech, SaaS"
ai,SaaS
[INFERRED] guidance,SaaS Analytics
abuse,SaaS
compatibility,"FinTech, SaaS"
user-option,SaaS
abuse-detection,FinTech
rate-limit,SaaS
concurrency,"FinTech, SaaS"
[INFERRED] user profiling,SaaS
[INFERRED] quality_assurance,SaaS
onboarding,"FinTech, SaaS"
privacy,"FinTech, SaaS"
burst limits,FinTech
[INFERRED] accessibility,"FinTech, SaaS"
upgrade,"FinTech, SaaS"
sentiment,SaaS
reporting,"Compliance and Security, FinTech, SaaS, SaaS Analytics"
congestion,FinTech
integrations,SaaS
[INFERRED] logic,SaaS
[INFERRED] onboarding,"FinTech, SaaS"
[INFERRED] least-privilege,FinTech
priority,SaaS
[INFERRED] role-consistency,SaaS
auditrail,FinTech
locking,"FinTech, SaaS"
endpoint,FinTech
earnings summary,FinTech
gig workers,FinTech
[INFERRED] compliance,"FinTech, SaaS"
authentication,"FinTech, SaaS"
[INFERRED] integration,"FinTech, SaaS"
real-time updates,FinTech
transaction-management,FinTech
geo-ip,SaaS
scalable,SaaS
rule-management,FinTech
update,SaaS
virtualcard,FinTech
real-time-analytics,SaaS
deployment,"FinTech, SaaS"
user-guide,SaaS
prompt,SaaS
[INFERRED] enablement,SaaS
debugging,SaaS
filtering,"Compliance and Security, FinTech, SaaS"
phantom-balance,FinTech
[INFERRED] knowledge-base,FinTech
charts,SaaS
emi,FinTech
replies,SaaS
tooling,FinTech
alert,"FinTech, SaaS"
notification,"FinTech, SaaS"
pagination,FinTech
merge,SaaS
access control,FinTech
[INFERRED] api,FinTech
[INFERRED] microtransactions,FinTech
[INFERRED] safety,FinTech
[INFERRED] rollback,FinTech
batchprocessing,FinTech
[INFERRED] dynamic content,SaaS
ui,"FinTech, SaaS"
micro-transaction,FinTech
financialregulations,FinTech
access_logs,SaaS
diagnostics,SaaS
identity,FinTech
deliverability,SaaS
pci,FinTech
[INFERRED] ml,FinTech
refund,FinTech
[INFERRED] engine,SaaS
slack,FinTech
incident-response,FinTech
[INFERRED] authentication,FinTech
[INFERRED] flags,SaaS
proration,SaaS
[INFERRED] access-control,FinTech
navigation,SaaS
duplicates,SaaS
artifacts,SaaS
false-positive,FinTech
lifecycle,FinTech
refunds,FinTech
crm,SaaS
[INFERRED] training,SaaS
[INFERRED] data analysis,Compliance and Security
[INFERRED] user confirmation,FinTech
design,"FinTech, SaaS"
logs,"Compliance and Security, FinTech, SaaS"
[INFERRED] ledger-management,FinTech
abuse prevention,FinTech
api-documentation,FinTech
[INFERRED] deduplication,SaaS Analytics
config,"FinTech, SaaS"
threading,SaaS
phantom-reversals,FinTech
[INFERRED] implementation,FinTech
audit-trails,FinTech
payoutstatus,FinTech
immutable logging,FinTech
standards,FinTech
manual,"FinTech, SaaS"
advanced,FinTech
webhooks,"FinTech, SaaS"
dataclassification,FinTech
[INFERRED] kpi-tracking,SaaS
documentation,"Compliance and Security, FinTech, SaaS"
datalineage,FinTech
manually,SaaS
json,SaaS
filter,"Compliance and Security, FinTech, SaaS"
[INFERRED] risk management,FinTech
[INFERRED] query-interface,SaaS
[INFERRED] data-minimization,FinTech
caching,FinTech
operational-ledger,FinTech
tagging,SaaS
[INFERRED] recovery,FinTech
decisioning,FinTech
testing-guides,SaaS
pilot,FinTech
[INFERRED] recipient_experience,SaaS
enforcement,FinTech
oracle,FinTech
[INFERRED] constraints,SaaS
contacts,SaaS
meta-log,FinTech
customer,SaaS
[INFERRED] automation,"FinTech, SaaS"
[INFERRED] analytics,"FinTech, SaaS"
resilience,"FinTech, SaaS"
portal,FinTech
details,FinTech
edge-case,"FinTech, SaaS, SaaS Analytics"
mfa,FinTech
appspecificoverrides,Security
remediation,SaaS
normalization,FinTech
blockchain,FinTech
phantom-balances,FinTech
[INFERRED] authorization,FinTech
fallback,"FinTech, SaaS"
instant feedback,FinTech
content,"FinTech, SaaS"
failover,SaaS
[INFERRED] portal,SaaS
failurehandling,FinTech
inbox,SaaS
[INFERRED] data accuracy,FinTech
query,"Compliance and Security, FinTech, SaaS"
registration,FinTech
doordash,FinTech
[INFERRED] i18n,FinTech
[INFERRED] geolocation,SaaS
eligibility rules,FinTech
overrides,FinTech
complianceReporting,Security
admin,"FinTech, SaaS"
rollouts,SaaS
upwork,FinTech
confirmation,FinTech
anomaly,"Compliance and Security, SaaS"
[INFERRED] metrics,SaaS
batch,FinTech
cicd,SaaS
revalidation,FinTech
exception,FinTech
usernotification,Security
invoicing,"FinTech, SaaS"
tools,FinTech
[INFERRED] collaboration,SaaS
[INFERRED] coverage,FinTech
auto-merge,SaaS
[INFERRED] reliability,"FinTech, SaaS"
salesforce,SaaS
communication,"FinTech, SaaS"
setup,SaaS
decay,SaaS
[INFERRED] encryption,FinTech
translation,SaaS
upgrades,SaaS
ui_testing,SaaS
integrity,FinTech
dataretention,FinTech
audit,"FinTech, SaaS"
data protection,FinTech
prorated upgrades,SaaS
overlay,SaaS Analytics
verification,FinTech
hubspot,SaaS
[INFERRED] security,"Compliance and Security, FinTech, SaaS"
gdpr,"FinTech, SaaS"
cohort_analysis,SaaS
[INFERRED] alerting,SaaS
[INFERRED] engineering,SaaS
usability,"FinTech, SaaS, SaaS Analytics"
[INFERRED] configurability,"FinTech, SaaS Analytics"
test-plans,FinTech
status,"FinTech, SaaS"
rollout,"FinTech, SaaS"
review,"FinTech, SaaS"
[INFERRED] optimization,SaaS
[INFERRED] accuracy,FinTech
classification,"FinTech, SaaS"
[INFERRED] trends,"SaaS, SaaS Analytics"
help_article,SaaS
operational,FinTech
time_decay,SaaS
telemetry,SaaS
oauth,"FinTech, SaaS"
userguidance,Security
data_visualization,SaaS
sandbox,FinTech
a/b testing,SaaS
credits,SaaS
logging,"Compliance and Security, FinTech, SaaS"
phantom balance,FinTech
sync,SaaS
[INFERRED] alerts,SaaS
trigger_prioritization,SaaS
[INFERRED] child_protection,FinTech
training,"Compliance and Security, FinTech, SaaS"
consistency,"Compliance and Security, FinTech"
video,SaaS
[INFERRED] communication,"FinTech, SaaS"
crm-sync,SaaS
[INFERRED] layout,SaaS
